{"cameraMode":{"drawMode":0,"name":"Shaded","section":"Shading Mode"},"sceneLighting":true,"audioPlay":false,"sceneViewState":{"showFog":true,"showMaterialUpdate":false,"showSkybox":true,"showFlares":true,"showImageEffects":true,"showParticleSystems":true,"showVisualEffectGraphs":true,"m_FxEnabled":true},"in2DMode":false,"pivot":{"x":27.316181182861329,"y":8.38301944732666,"z":3.291917324066162},"rotation":{"x":-0.0016061788192018867,"y":-0.9979758262634277,"z":0.05725683271884918,"w":-0.02815944142639637},"size":2.2562923431396486,"orthographic":true}