{"cameraMode":{"drawMode":0,"name":"Shaded","section":"Shading Mode"},"sceneLighting":true,"audioPlay":false,"sceneViewState":{"showFog":true,"showMaterialUpdate":false,"showSkybox":true,"showFlares":true,"showImageEffects":true,"showParticleSystems":true,"showVisualEffectGraphs":true,"m_FxEnabled":true},"in2DMode":false,"pivot":{"x":22.21367835998535,"y":3.4679410457611086,"z":3.2852885723114015},"rotation":{"x":0.005855697672814131,"y":-0.9873520731925964,"z":0.15408368408679963,"w":0.03732652589678764},"size":1.2357943058013917,"orthographic":true}