{"cameraMode":{"drawMode":0,"name":"Shaded","section":"Shading Mode"},"sceneLighting":true,"audioPlay":false,"sceneViewState":{"showFog":true,"showMaterialUpdate":false,"showSkybox":true,"showFlares":true,"showImageEffects":true,"showParticleSystems":true,"showVisualEffectGraphs":true,"m_FxEnabled":true},"in2DMode":false,"pivot":{"x":27.291019439697267,"y":1.9500789642333985,"z":3.306889772415161},"rotation":{"x":0.0030351183377206327,"y":-0.9946317076683044,"z":0.09910187125205994,"w":0.030134832486510278},"size":0.5524239540100098,"orthographic":true}