{"cameraMode":{"drawMode":0,"name":"Shaded","section":"Shading Mode"},"sceneLighting":true,"audioPlay":false,"sceneViewState":{"showFog":true,"showMaterialUpdate":false,"showSkybox":true,"showFlares":true,"showImageEffects":true,"showParticleSystems":true,"showVisualEffectGraphs":true,"m_FxEnabled":true},"in2DMode":false,"pivot":{"x":25.198673248291017,"y":9.314708709716797,"z":3.2852885723114015},"rotation":{"x":0.017184579744935037,"y":-0.9803791046142578,"z":0.09916295111179352,"w":0.16958928108215333},"size":8.108959197998047,"orthographic":true}