{"cameraMode":{"drawMode":0,"name":"Shaded","section":"Shading Mode"},"sceneLighting":true,"audioPlay":false,"sceneViewState":{"showFog":true,"showMaterialUpdate":false,"showSkybox":true,"showFlares":true,"showImageEffects":true,"showParticleSystems":true,"showVisualEffectGraphs":true,"m_FxEnabled":true},"in2DMode":false,"pivot":{"x":23.355403900146486,"y":7.793427467346191,"z":3.306889772415161},"rotation":{"x":-0.010897081345319748,"y":-0.9165046215057373,"z":0.02503831870853901,"w":-0.39911407232284548},"size":6.806017875671387,"orthographic":true}