{"cameraMode":{"drawMode":0,"name":"Shaded","section":"Shading Mode"},"sceneLighting":true,"audioPlay":false,"sceneViewState":{"showFog":true,"showMaterialUpdate":false,"showSkybox":true,"showFlares":true,"showImageEffects":true,"showParticleSystems":true,"showVisualEffectGraphs":true,"m_FxEnabled":true},"in2DMode":false,"pivot":{"x":27.308238983154298,"y":9.314708709716797,"z":3.2852885723114015},"rotation":{"x":-0.0010025615338236094,"y":-0.9900231957435608,"z":-0.007119975984096527,"w":0.14082030951976777},"size":6.764028549194336,"orthographic":true}