{"cameraMode":{"drawMode":0,"name":"Shaded","section":"Shading Mode"},"sceneLighting":true,"audioPlay":false,"sceneViewState":{"showFog":true,"showMaterialUpdate":false,"showSkybox":true,"showFlares":true,"showImageEffects":true,"showParticleSystems":true},"in2DMode":false,"pivot":{"x":489.071044921875,"y":728.346435546875,"z":544.958251953125},"rotation":{"x":0.012785524129867554,"y":0.6135093569755554,"z":0.009931141510605812,"w":-0.7895233631134033},"size":309.4208068847656,"orthographic":false}